Czas,TempUp_C,TempDown_C,HumUp_%,HumDown_%,PeltUp_C,PeltDown_C
13:45:02,28.100000,27.700001,65.199997,66.199997,27.750000,28.875000
13:45:06,28.100000,27.700001,64.099998,66.199997,27.750000,28.875000
13:45:10,28.000000,27.700001,65.099998,66.199997,27.750000,28.875000
13:45:14,28.100000,27.700001,65.199997,66.199997,27.812500,28.875000
13:45:17,28.100000,27.700001,65.199997,66.199997,27.750000,28.875000
13:45:21,28.100000,27.700001,65.199997,66.199997,27.812500,28.875000
13:45:25,28.100000,27.700001,65.199997,66.199997,27.812500,28.875000
13:45:29,28.100000,27.700001,65.199997,66.199997,27.187500,28.875000
Czas,TempUp_C,TempDown_C,HumUp_%,HumDown_%,PeltUp_C,PeltDown_C
13:47:36,28.100000,27.700001,65.099998,66.099998,27.187500,28.875000
13:47:40,28.100000,27.700001,64.000000,66.099998,27.812500,28.875000
13:47:44,28.100000,27.700001,65.099998,66.099998,27.750000,28.875000
13:47:48,28.100000,27.700001,65.099998,66.099998,27.812500,28.875000
13:47:51,28.100000,27.700001,65.099998,66.099998,27.812500,28.875000
13:47:55,28.100000,27.700001,65.099998,66.099998,27.812500,28.875000
13:47:59,28.100000,27.700001,65.099998,66.099998,27.875000,28.875000
13:48:03,28.100000,27.799999,65.099998,66.199997,27.187500,28.937500
13:48:06,28.100000,27.700001,65.099998,66.000000,27.750000,29.000000
13:48:10,28.100000,27.700001,65.000000,66.000000,27.875000,29.250000
13:48:14,28.100000,27.700001,65.000000,66.000000,27.687500,29.562500
13:48:18,28.100000,27.700001,65.000000,65.900002,27.687500,30.000000
13:48:21,28.100000,27.700001,64.900002,65.900002,27.125000,30.437500
13:48:25,28.100000,27.700001,65.000000,65.900002,27.562500,30.875000
13:48:29,28.100000,27.700001,65.000000,66.000000,27.562500,31.375000
13:48:32,28.100000,27.700001,65.000000,66.000000,27.625000,31.812500
13:48:36,28.100000,27.700001,65.000000,66.000000,27.375000,32.250000
13:48:40,28.100000,27.700001,65.000000,66.000000,26.750000,32.687500
13:48:44,28.100000,27.700001,65.000000,66.000000,27.250000,33.125000
13:48:47,28.100000,27.700001,65.000000,66.000000,27.125000,33.500000
13:48:51,28.100000,27.799999,65.000000,66.099998,27.000000,33.875000
13:48:55,28.100000,27.700001,65.000000,66.000000,27.000000,34.250000
13:48:59,28.100000,27.799999,65.000000,66.099998,26.687500,34.625000
13:49:02,28.100000,27.799999,65.000000,66.199997,26.687500,35.062500
13:49:06,28.100000,27.799999,65.099998,66.400002,26.500000,35.625000
13:49:10,28.100000,27.799999,65.300003,66.500000,26.375000,36.000000
13:49:13,28.100000,27.799999,65.500000,66.699997,26.250000,36.250000
13:49:17,28.100000,27.799999,65.699997,66.900002,26.125000,36.500000
13:49:21,28.100000,27.799999,65.900002,67.000000,26.062500,36.687500
13:49:25,28.100000,27.700001,66.000000,67.099998,25.812500,36.875000
13:49:28,28.100000,27.799999,66.099998,67.199997,25.125000,37.062500
13:49:32,28.100000,27.799999,66.099998,67.300003,25.625000,37.187500
13:49:36,28.100000,27.799999,66.099998,67.199997,25.437500,37.312500
13:49:40,28.100000,27.799999,66.099998,67.199997,25.375000,37.500000
13:49:43,28.100000,27.799999,66.099998,67.099998,25.312500,37.625000
13:49:47,28.100000,27.799999,66.000000,67.000000,25.062500,37.750000
13:49:51,28.100000,27.799999,66.000000,67.000000,25.000000,37.875000
13:49:55,28.100000,27.799999,66.000000,66.900002,24.937500,37.937500
13:49:58,28.100000,27.799999,66.000000,66.900002,24.812500,38.062500
13:50:02,28.000000,27.799999,66.000000,67.000000,24.125000,38.125000
13:50:06,28.000000,27.799999,66.099998,67.000000,24.687500,38.187500
13:50:09,28.000000,27.799999,66.099998,67.000000,24.000000,38.312500
13:50:13,28.000000,27.799999,66.099998,66.900002,24.500000,38.312500
13:50:17,28.000000,27.799999,66.099998,66.900002,24.375000,38.375000
13:50:21,28.000000,27.799999,66.099998,66.800003,24.437500,38.437500
13:50:24,28.000000,27.799999,66.000000,66.699997,24.312500,38.500000
13:50:28,28.000000,27.799999,66.000000,66.699997,23.562500,38.562500
13:50:32,27.900000,27.799999,65.900002,66.599998,23.500000,38.625000
13:50:36,27.900000,27.799999,65.900002,66.500000,23.375000,38.625000
13:50:39,27.900000,27.799999,65.900002,66.500000,24.062500,38.687500
13:50:43,27.900000,27.799999,65.900002,66.400002,23.250000,38.750000
13:50:47,27.799999,27.799999,65.800003,66.400002,23.875000,38.750000
13:50:50,27.799999,27.799999,65.900002,66.300003,23.187500,38.812500
13:50:54,27.799999,27.700001,65.900002,66.199997,23.812500,38.812500
13:50:58,27.799999,27.700001,65.900002,66.099998,23.062500,38.875000
13:51:02,27.799999,27.799999,65.900002,66.199997,23.625000,38.875000
13:51:05,27.799999,27.799999,65.900002,66.099998,23.625000,38.937500
13:51:09,27.700001,27.799999,65.800003,66.099998,23.500000,38.937500
13:51:13,27.700001,27.700001,65.900002,66.000000,23.375000,38.937500
13:51:17,27.700001,27.700001,65.900002,66.000000,23.437500,39.000000
13:51:20,27.700001,27.700001,65.900002,66.000000,22.687500,39.000000
13:51:24,27.600000,27.700001,65.900002,65.900002,22.812500,39.000000
13:51:28,27.600000,27.700001,65.900002,65.900002,23.250000,39.000000
13:51:32,27.600000,27.700001,66.000000,65.900002,22.812500,39.000000
13:51:35,27.600000,27.700001,66.000000,65.800003,23.125000,39.062500
13:51:39,27.500000,27.700001,65.900002,65.800003,22.562500,39.062500
13:51:46,27.500000,27.700001,66.000000,65.699997,23.125000,39.125000
13:51:50,27.500000,27.700001,66.000000,65.699997,23.062500,39.125000
13:51:54,27.500000,27.700001,66.199997,65.800003,23.000000,39.187500
13:51:58,27.400000,27.700001,66.199997,65.800003,23.000000,39.187500
13:52:01,27.500000,27.700001,66.400002,65.900002,22.437500,39.187500
13:52:05,27.400000,27.700001,66.400002,66.000000,23.000000,39.187500
13:52:09,27.400000,27.700001,66.500000,66.000000,22.937500,39.187500
13:52:13,27.299999,27.700001,66.500000,66.000000,23.000000,39.187500
13:52:16,27.299999,27.600000,66.599998,66.000000,22.937500,39.187500
13:52:20,27.299999,27.700001,66.699997,66.099998,22.812500,39.187500
13:52:24,27.299999,27.700001,66.800003,66.099998,22.187500,39.187500
13:52:28,27.299999,27.600000,66.800003,66.099998,22.750000,39.250000
13:52:31,27.299999,27.600000,66.900002,66.099998,22.812500,39.250000
13:52:35,27.200001,27.600000,66.900002,66.099998,22.812500,39.250000
13:52:39,27.200001,27.600000,67.000000,66.099998,22.750000,39.250000
13:52:46,27.200001,27.600000,67.099998,66.199997,22.625000,39.250000
13:52:50,27.100000,27.600000,67.199997,66.199997,22.687500,39.250000
13:52:54,27.100000,27.600000,67.199997,66.300003,22.500000,39.250000
13:52:57,27.100000,27.600000,67.300003,66.300003,22.687500,39.187500
13:53:01,27.100000,27.600000,67.300003,66.300003,22.562500,39.187500
13:53:05,27.100000,27.600000,67.400002,66.300003,22.625000,39.187500
13:53:09,27.000000,27.600000,67.400002,66.300003,22.625000,39.250000
13:53:12,27.000000,27.600000,67.400002,66.300003,22.500000,39.250000
13:53:16,27.000000,27.600000,67.500000,66.300003,22.562500,39.250000
13:53:20,27.000000,27.600000,67.500000,66.300003,22.500000,39.250000
13:53:24,26.900000,27.500000,67.500000,66.199997,22.437500,39.250000
13:53:27,26.900000,27.600000,67.599998,66.300003,22.500000,39.250000
13:53:31,27.000000,27.500000,67.699997,66.199997,22.437500,39.250000
13:53:35,26.900000,27.500000,67.699997,66.300003,22.437500,39.250000
13:53:38,26.900000,27.500000,67.699997,66.300003,22.437500,39.250000
13:53:42,26.900000,27.500000,67.800003,66.300003,22.312500,39.250000
13:53:46,26.900000,27.500000,67.800003,66.300003,22.375000,39.250000
13:53:50,26.799999,27.500000,67.800003,66.300003,22.312500,39.250000
13:53:53,26.799999,27.500000,67.900002,66.300003,22.312500,39.250000
13:53:57,26.799999,27.500000,68.000000,66.400002,21.812500,39.250000
13:54:01,26.799999,27.500000,68.000000,66.400002,22.375000,39.250000
13:54:05,26.799999,27.500000,68.099998,66.400002,22.187500,39.187500
13:54:08,26.700001,27.500000,68.099998,66.400002,21.687500,39.250000
13:54:12,26.700001,27.500000,68.199997,66.500000,22.375000,39.250000
13:54:16,26.700001,27.400000,68.199997,66.400002,22.250000,39.250000
13:54:19,26.700001,27.400000,68.300003,66.400002,22.250000,39.250000
13:54:23,26.600000,27.400000,68.300003,66.500000,22.187500,39.250000
13:54:27,26.600000,27.400000,68.300003,66.500000,21.687500,39.250000
13:54:31,26.600000,27.400000,68.400002,66.500000,22.250000,39.187500
13:54:34,26.600000,27.400000,68.400002,66.500000,22.312500,39.250000
13:54:38,26.600000,27.400000,68.500000,66.500000,22.125000,39.187500
13:54:42,26.600000,27.400000,68.500000,66.599998,22.187500,39.250000
13:54:46,26.600000,27.400000,68.599998,66.599998,22.000000,39.250000
13:54:49,26.500000,27.400000,68.599998,66.599998,21.500000,39.250000
13:54:53,26.500000,27.400000,68.699997,66.599998,22.062500,39.250000
13:54:57,26.500000,27.400000,68.699997,66.599998,22.062500,39.250000
13:55:01,26.500000,27.400000,68.699997,66.599998,22.125000,39.250000
13:55:04,26.500000,27.400000,68.800003,66.599998,22.000000,39.250000
13:55:08,26.400000,27.299999,68.800003,66.599998,22.062500,39.250000
13:55:12,26.500000,27.299999,68.900002,66.599998,22.062500,39.250000
13:55:15,26.400000,27.400000,68.900002,66.699997,21.500000,39.250000
13:55:19,26.400000,27.299999,69.000000,66.699997,22.000000,39.250000
13:55:23,26.400000,27.299999,69.000000,66.699997,22.000000,39.250000
13:55:27,26.299999,27.400000,68.900002,66.800003,21.375000,39.250000
13:55:30,26.299999,27.299999,69.000000,66.800003,22.000000,39.250000
13:55:34,26.400000,27.299999,69.199997,66.800003,22.062500,39.250000
13:55:38,26.299999,27.299999,69.199997,66.800003,22.062500,39.250000
13:55:42,26.299999,27.299999,69.199997,66.800003,22.000000,39.250000
13:55:45,26.299999,27.299999,69.199997,66.900002,21.375000,39.250000
13:55:49,26.299999,27.299999,69.300003,66.900002,21.437500,39.250000
13:55:53,26.299999,27.299999,69.300003,66.900002,21.937500,39.250000
13:55:57,26.299999,27.299999,69.400002,66.900002,21.875000,39.250000
13:56:00,26.299999,27.299999,69.500000,67.000000,21.875000,39.250000
13:56:04,26.200001,27.299999,69.400002,67.000000,21.875000,39.250000
13:56:08,26.200001,27.200001,69.500000,66.900002,21.875000,39.250000
13:56:11,26.200001,27.200001,69.599998,66.900002,21.937500,39.250000
13:56:15,26.200001,27.200001,69.599998,67.000000,21.812500,39.250000
13:56:19,26.200001,27.200001,69.699997,67.000000,21.875000,39.250000
13:56:23,26.100000,27.200001,69.599998,67.000000,21.875000,39.250000
13:56:26,26.200001,27.200001,69.699997,67.000000,21.875000,39.250000
13:56:30,26.100000,27.200001,69.699997,67.099998,21.875000,39.250000
13:56:34,26.200001,27.200001,69.900002,67.099998,21.812500,39.250000
13:56:38,26.100000,27.200001,69.800003,67.199997,21.812500,39.250000
13:56:41,26.100000,27.200001,69.900002,67.199997,21.875000,39.250000
13:56:45,26.100000,27.200001,70.000000,67.199997,21.875000,39.250000
13:56:49,26.100000,27.200001,70.000000,67.300003,21.812500,39.250000
13:56:53,26.100000,27.100000,70.099998,67.199997,21.812500,39.250000
13:56:56,26.000000,27.100000,70.099998,67.300003,21.750000,39.250000
13:57:00,26.000000,27.100000,70.099998,67.300003,21.812500,39.250000
13:57:04,26.000000,27.100000,70.199997,67.300003,21.812500,39.250000
13:57:07,26.000000,27.100000,70.199997,67.400002,21.812500,39.312500
13:57:11,26.000000,27.200001,70.300003,67.500000,21.750000,39.312500
13:57:15,26.000000,27.100000,70.300003,67.400002,21.750000,39.312500
13:57:19,26.000000,27.100000,70.400002,67.400002,21.812500,39.312500
13:57:22,25.900000,27.100000,70.300003,67.500000,21.687500,39.312500
13:57:26,26.000000,27.100000,70.500000,67.500000,21.125000,39.312500
13:57:30,25.900000,27.100000,70.400002,67.500000,21.750000,39.312500
13:57:34,25.900000,27.100000,70.500000,67.599998,21.062500,39.312500
13:57:37,25.900000,27.100000,70.500000,67.599998,21.125000,39.312500
13:57:41,25.900000,27.100000,70.599998,67.599998,21.750000,39.312500
13:57:45,25.900000,27.100000,70.599998,67.599998,21.750000,39.312500
13:57:48,25.900000,27.100000,70.599998,67.599998,21.625000,39.312500
13:57:52,25.900000,27.000000,70.699997,67.599998,21.625000,39.312500
13:57:56,25.900000,27.000000,70.699997,67.599998,21.687500,39.312500
13:58:00,25.900000,27.000000,70.699997,67.599998,21.625000,39.312500
13:58:03,25.900000,27.000000,70.800003,67.599998,21.562500,39.312500
13:58:07,25.799999,27.000000,70.800003,67.699997,21.625000,39.312500
13:58:11,25.799999,27.000000,70.800003,67.699997,21.625000,39.312500
13:58:15,25.799999,27.000000,70.800003,67.699997,21.687500,39.312500
13:58:18,25.799999,27.000000,70.900002,67.800003,21.625000,39.312500
13:58:22,25.799999,27.000000,70.900002,67.800003,21.562500,39.312500
13:58:26,25.799999,27.000000,71.000000,67.800003,21.687500,39.312500
13:58:30,25.799999,27.000000,71.000000,67.800003,21.625000,39.312500
13:58:33,25.799999,27.000000,71.000000,67.800003,21.625000,39.312500
13:58:37,25.799999,27.000000,71.099998,67.900002,21.062500,39.312500
13:58:41,25.799999,27.000000,71.099998,67.900002,21.625000,39.312500
13:58:44,25.700001,27.000000,71.099998,67.900002,21.562500,39.312500
13:58:48,25.700001,26.900000,71.099998,67.900002,21.562500,39.312500
13:58:52,25.700001,26.900000,71.099998,67.900002,21.625000,39.312500
13:58:56,25.700001,27.000000,71.199997,68.000000,21.625000,39.375000
13:58:59,25.700001,26.900000,71.199997,67.900002,21.687500,39.375000
13:59:03,25.600000,26.900000,71.199997,67.900002,21.625000,39.375000
13:59:07,25.700001,26.900000,71.300003,68.000000,20.812500,39.312500
13:59:11,25.600000,26.900000,71.199997,68.000000,21.562500,39.375000
13:59:14,25.700001,26.900000,71.300003,68.000000,21.062500,39.375000
13:59:18,25.700001,26.900000,71.400002,68.000000,21.500000,39.312500
13:59:22,25.600000,26.900000,71.300003,68.099998,21.562500,39.312500
13:59:26,25.600000,26.900000,71.400002,68.099998,21.562500,39.312500
13:59:29,25.600000,26.900000,71.400002,68.099998,20.937500,39.312500
13:59:33,25.600000,26.900000,71.400002,68.199997,21.437500,39.312500
13:59:37,25.600000,26.900000,71.500000,68.199997,21.437500,39.312500
13:59:40,25.600000,26.900000,71.500000,68.199997,21.500000,39.312500
13:59:44,25.600000,26.799999,71.599998,68.199997,21.562500,39.312500
13:59:48,25.600000,26.799999,71.599998,68.199997,21.500000,39.312500
13:59:52,25.600000,26.799999,71.599998,68.199997,21.500000,39.312500
13:59:55,25.600000,26.799999,71.699997,68.300003,21.500000,39.312500
13:59:59,25.600000,26.799999,71.699997,68.300003,21.500000,39.312500
14:00:03,25.600000,26.799999,71.800003,68.300003,20.937500,39.312500
14:00:07,25.600000,26.799999,71.800003,68.400002,20.875000,39.312500
14:00:10,25.600000,26.799999,71.800003,68.400002,21.437500,39.312500
14:00:14,25.600000,26.799999,71.900002,68.400002,21.437500,39.312500
14:00:18,25.500000,26.799999,71.800003,68.400002,21.437500,39.312500
14:00:22,25.500000,26.799999,71.900002,68.500000,20.812500,39.312500
14:00:25,25.500000,26.700001,71.900002,68.400002,21.375000,39.312500
14:00:29,25.500000,26.799999,71.900002,68.500000,21.437500,39.375000
14:00:33,25.500000,26.700001,72.000000,68.500000,21.562500,39.375000
14:00:36,25.500000,26.700001,72.000000,68.500000,21.375000,39.312500
14:00:40,25.500000,26.700001,72.099998,68.599998,21.375000,39.312500
14:00:44,25.500000,26.700001,72.099998,68.599998,20.812500,39.375000
14:00:48,25.500000,26.700001,72.099998,68.599998,21.312500,39.312500
14:00:51,25.500000,26.700001,72.199997,68.699997,21.437500,39.312500
14:00:55,25.500000,26.700001,72.199997,68.699997,21.437500,39.312500
14:00:59,25.500000,26.700001,72.199997,68.699997,21.437500,39.312500
14:01:03,25.400000,26.700001,72.199997,68.699997,21.437500,39.312500
14:01:06,25.400000,26.700001,72.199997,68.800003,21.312500,39.375000
14:01:10,25.400000,26.700001,72.199997,68.800003,21.375000,39.375000
14:01:14,25.400000,26.700001,72.300003,68.800003,21.312500,39.375000
14:01:17,25.400000,26.700001,72.300003,68.800003,21.375000,39.312500
14:01:21,25.400000,26.700001,72.300003,68.800003,20.812500,39.375000
14:01:25,25.400000,26.700001,72.400002,68.900002,20.812500,39.375000
14:01:29,25.400000,26.700001,72.400002,68.900002,21.375000,39.312500
14:01:32,25.400000,26.600000,72.400002,68.800003,21.250000,39.312500
14:01:36,25.400000,26.600000,72.400002,68.900002,21.375000,39.375000
14:01:40,25.400000,26.600000,72.500000,68.900002,21.312500,39.312500
14:01:44,25.400000,26.600000,72.500000,68.900002,20.750000,39.312500
14:01:47,25.299999,26.600000,72.500000,68.900002,21.375000,39.312500
14:01:51,25.400000,26.600000,72.599998,69.000000,21.375000,39.312500
14:01:55,25.400000,26.600000,72.599998,69.000000,20.625000,39.312500
14:01:59,25.400000,26.600000,72.599998,69.099998,21.312500,39.312500
14:02:02,25.299999,26.600000,72.599998,69.099998,21.250000,39.312500
14:02:06,25.299999,26.600000,72.599998,69.099998,21.250000,39.375000
14:02:10,25.299999,26.600000,72.599998,69.099998,21.250000,39.375000
14:02:13,25.299999,26.600000,72.599998,69.099998,21.375000,39.375000
14:02:17,25.299999,26.600000,72.699997,69.099998,20.687500,39.375000
14:02:21,25.299999,26.600000,72.699997,69.199997,21.312500,39.375000
14:02:25,25.299999,26.600000,72.699997,69.199997,21.375000,39.375000
14:02:28,25.299999,26.500000,72.699997,69.099998,21.375000,39.375000
14:02:32,25.299999,26.600000,72.800003,69.199997,20.687500,39.375000
14:02:36,25.299999,26.500000,72.800003,69.199997,21.250000,39.375000
14:02:40,25.299999,26.600000,72.800003,69.300003,21.250000,39.375000
14:02:43,25.299999,26.500000,72.800003,69.199997,21.250000,39.375000
14:02:47,25.299999,26.500000,72.900002,69.199997,21.250000,39.375000
14:02:51,25.299999,26.500000,72.900002,69.300003,20.687500,39.375000
14:02:55,25.299999,26.500000,72.900002,69.300003,21.312500,39.375000
14:02:58,25.299999,26.500000,73.000000,69.300003,21.250000,39.375000
14:03:02,25.299999,26.500000,73.000000,69.300003,21.312500,39.375000
14:03:06,25.200001,26.500000,73.000000,69.400002,21.250000,39.375000
14:03:09,25.299999,26.500000,73.099998,69.400002,21.250000,39.375000
14:03:13,25.200001,26.500000,73.000000,69.500000,20.750000,39.375000
14:03:17,25.299999,26.500000,73.099998,69.500000,21.312500,39.375000
14:03:21,25.299999,26.500000,73.199997,69.500000,21.250000,39.375000
14:03:24,25.200001,26.500000,73.099998,69.500000,21.187500,39.375000
14:03:28,25.200001,26.500000,73.099998,69.500000,21.312500,39.375000
14:03:32,25.200001,26.500000,73.099998,69.500000,21.250000,39.375000
14:03:36,25.200001,26.500000,73.199997,69.599998,20.625000,39.375000
14:03:39,25.200001,26.500000,73.199997,69.599998,20.687500,39.437500
14:03:43,25.200001,26.500000,73.400002,69.800003,21.250000,39.437500
14:03:47,25.200001,26.500000,73.699997,70.000000,21.250000,39.437500
14:03:51,25.200001,26.400000,73.900002,70.199997,21.187500,39.437500
14:03:54,25.200001,26.400000,74.099998,70.300003,21.312500,39.437500
14:03:58,25.200001,26.400000,74.300003,70.500000,20.562500,39.437500
14:04:02,25.200001,26.400000,74.300003,70.599998,21.187500,39.437500
14:04:05,25.200001,26.400000,74.400002,70.599998,20.625000,39.437500
14:04:09,25.200001,26.400000,74.400002,70.699997,21.250000,39.437500
14:04:13,25.100000,26.400000,74.500000,70.699997,21.125000,39.500000
14:04:17,25.200001,26.400000,74.599998,70.800003,21.187500,39.437500
14:04:20,25.100000,26.400000,74.599998,70.800003,21.250000,39.437500
14:04:24,25.100000,26.400000,74.599998,70.800003,21.187500,39.437500
14:04:28,25.100000,26.400000,74.599998,70.800003,21.250000,39.437500
14:04:32,25.100000,26.400000,74.599998,70.800003,21.187500,39.437500
14:04:35,25.100000,26.400000,74.599998,70.900002,21.187500,39.437500
14:04:39,25.100000,26.400000,74.599998,70.800003,21.125000,39.437500
14:04:43,25.200001,26.400000,74.599998,70.800003,21.125000,39.437500
14:04:47,25.100000,26.400000,74.500000,70.800003,21.187500,39.437500
14:04:50,25.100000,26.400000,74.500000,70.800003,21.187500,39.437500
14:04:54,25.100000,26.400000,74.400002,70.800003,20.687500,39.437500
14:04:58,25.100000,26.400000,74.400002,70.699997,21.125000,39.375000
14:05:01,25.100000,26.400000,74.400002,70.699997,20.437500,39.375000
14:05:05,25.100000,26.400000,74.400002,70.699997,21.125000,39.437500
14:05:09,25.100000,26.400000,74.300003,70.699997,20.562500,39.375000
14:05:13,25.100000,26.400000,74.300003,70.699997,21.125000,39.375000
14:05:16,25.100000,26.400000,74.300003,70.599998,21.125000,39.375000
14:05:20,25.100000,26.400000,74.300003,70.599998,20.625000,39.375000
14:05:24,25.100000,26.400000,74.199997,70.599998,21.187500,39.375000
14:05:28,25.000000,26.299999,74.199997,70.500000,21.187500,39.375000
14:05:31,25.100000,26.299999,74.199997,70.500000,21.125000,39.375000
14:05:35,25.100000,26.299999,74.199997,70.500000,20.562500,39.375000
14:05:39,25.100000,26.299999,74.199997,70.500000,21.125000,39.375000
14:05:43,25.100000,26.299999,74.199997,70.500000,21.125000,39.375000
14:05:46,25.000000,26.299999,74.099998,70.500000,21.125000,39.375000
14:05:50,25.100000,26.299999,74.199997,70.500000,21.187500,39.375000
14:05:54,25.000000,26.299999,74.099998,70.400002,20.562500,39.375000
14:05:57,25.100000,26.299999,74.199997,70.500000,21.187500,39.375000
14:06:01,25.000000,26.299999,74.099998,70.500000,20.437500,39.375000
14:06:05,25.000000,26.299999,74.099998,70.400002,20.625000,39.375000
14:06:09,25.000000,26.299999,74.099998,70.500000,21.187500,39.375000
14:06:12,25.000000,26.299999,74.099998,70.500000,21.250000,39.375000
14:06:16,25.000000,26.299999,74.099998,70.500000,20.562500,39.375000
14:06:20,25.000000,26.299999,74.099998,70.500000,21.062500,39.375000
